portfolio,alpha,model,n,exceedances,rate,kupiec_p,ind_p,cc_p,z1,z1_p,z2,z2_p,fz0,pinball,dm_stat,dm_p
equal,0.975,ewma_n,4971,180,0.036210018105009054,2.038125201692543e-06,0.33863098580594647,7.991067972692288e-06,0.1798887506642366,0.0004997501249375312,0.7089517209379392,0.0004997501249375312,-3.523208506194582,0.0007584010124324514,2.9839650463370053,0.002845392745625998
equal,0.975,ewma_t,4971,170,0.03419835043250855,8.227507450232298e-05,0.3730296451904548,0.0002889045648089711,0.07390497268647644,0.0004997501249375312,0.46903114348582453,0.0004997501249375312,-3.5586173342120166,0.0007558671895327697,1.8824355709734832,0.05977690005633911
equal,0.975,fhs,4971,132,0.026554013277006638,0.4871307153773272,0.08930909042351122,0.18547774181099302,0.039752728637902246,0.0009995002498750624,0.10438431044218843,0.079960019990005,-3.6017856319515973,0.0007381673954772809,-0.21426378629042092,0.830341356586974
equal,0.975,gauss_emp,4971,162,0.032589016294508145,0.0010503521689224757,0.00883126402529982,0.0001512411227200866,0.13288440358151887,0.0004997501249375312,0.47678353152448927,0.0004997501249375312,-3.393954098821398,0.0008705834358711991,3.4208386479970123,0.0006242835833873698
equal,0.975,gauss_garch,4971,178,0.03580768457050895,4.465643664276008e-06,0.5197785540838207,2.178975671822214e-05,0.05743866863071001,0.004997501249375313,0.5145772119594947,0.0004997501249375312,-3.5851012637907873,0.0007483294980147728,1.650143644210698,0.09891356002004434
equal,0.975,hist,4971,158,0.03178434922550795,0.0032594313225421338,0.005823736785806157,0.0002945255731324642,0.10443120617705759,0.0004997501249375312,0.40414508610722155,0.0004997501249375312,-3.4084542521491,0.0008741114892403567,3.9034495197221157,9.483133656037064e-05
equal,0.975,indep_emp,4971,460,0.09253671293502314,5.120573512347427e-123,0.0010954863356289724,7.350519647583706e-124,0.3670025281969427,0.0004997501249375312,4.05991682132845,0.0004997501249375312,-2.2748822061816285,0.001145448726560473,5.831572533984334,5.490743399329868e-09
equal,0.975,indep_garch,4971,519,0.1044055522027761,3.4074318962078246e-160,0.1458315934403813,4.0050927287319533e-159,0.28414728012243473,0.0004997501249375312,4.362884235635026,0.0004997501249375312,-2.440859099671829,0.0010920102720511009,9.75017504615096,1.8415046421539472e-22
equal,0.975,vine_emp,4971,134,0.02695634681150674,0.3828793704308431,0.0011399328211661153,0.003436352043507393,0.04548268182414694,0.01699150424787606,0.12729575026703333,0.08445777111444278,-3.439422285366846,0.0008616008299936769,3.5214519622816134,0.0004291904218735095
equal,0.975,vine_garch,4971,167,0.0335948501307584,0.00022334485613584738,0.3248591982976493,0.0006779040568303001,0.057224606191960126,0.00399800099950025,0.42069208798275737,0.0004997501249375312,-3.598839071664605,0.0007428956225788647,0.0,1.0
equal,0.99,ewma_n,4971,105,0.02112251056125528,6.842964964334685e-12,0.09927747919230351,1.5433082974032992e-11,0.2055432011324172,0.0004997501249375312,1.5464098997968962,0.0004997501249375312,-3.1495826619928056,0.00039657715869677383,3.586517299026937,0.0003351238421958413
equal,0.99,ewma_t,4971,79,0.015892174612753975,0.0001203709749419356,0.04610698279635905,8.420353754613203e-05,0.08509302115799078,0.00399800099950025,0.7244487763323519,0.0004997501249375312,-3.2872579019907344,0.00038254580788057345,1.8368502694521245,0.0662320024910725
equal,0.99,fhs,4971,65,0.01307583987125327,0.03742197981746045,0.011371390727635019,0.0046600966935160994,0.017706565901088878,0.0009995002498750624,0.3307368091645686,0.0034982508745627187,-3.361160631693886,0.000367266350257987,-0.18218926154179377,0.8554342000095098
equal,0.99,gauss_emp,4971,89,0.017903842285254476,4.642061711271892e-07,0.00018550733008597324,2.810834112534313e-09,0.128227245672611,0.0004997501249375312,1.0199602668449463,0.0004997501249375312,-3.0910911609158016,0.00045272323892294066,2.499126344052409,0.012449991527240285
equal,0.99,gauss_garch,4971,88,0.017702675518004425,8.514945498396093e-07,0.0245413611866895,4.3547563361079865e-07,0.031051746242638067,0.10744627686156921,0.8252374506005242,0.0004997501249375312,-3.3467365250614587,0.0003721534758480972,0.5364333939192407,0.5916590573041507
equal,0.99,hist,4971,78,0.015691007845503924,0.00019680347083415745,0.04224173936569157,0.00012422380590973393,0.14167507829654946,0.0004997501249375312,0.7914032610567452,0.0004997501249375312,-3.095179750345183,0.0004621431349441988,3.0945620369602698,0.0019710370957035403
equal,0.99,indep_emp,4971,326,0.06558036612351639,5.914119743064506e-152,9.314319159645532e-05,9.41466154935596e-154,0.31817181266462535,0.0004997501249375312,7.644619008824533,0.0004997501249375312,-0.9770067144546419,0.0007396575748416407,5.309689755896077,1.098120002005988e-07
equal,0.99,indep_garch,4971,353,0.07101186883926776,3.1869745368649316e-175,0.30204219431784207,6.626227953540353e-174,0.2348100176699095,0.0004997501249375312,7.768616701618942,0.0004997501249375312,-1.2891593640511467,0.0007026427369320201,9.35484385862027,8.37232861910813e-21
equal,0.99,vine_emp,4971,53,0.010661838664252665,0.6426492594870432,0.00021365908671043231,0.0009480187308787242,0.09949226757740237,0.0004997501249375312,0.1722609169503575,0.11394302848575712,-3.1827640011811096,0.00044294023848365823,2.496582587857662,0.01253964650096306
equal,0.99,vine_garch,4971,86,0.017300341983504323,2.7715534337999686e-06,0.020205984818285894,1.1436576143709777e-06,0.026900385575047814,0.12343828085957022,0.776572785344076,0.0004997501249375312,-3.3568244154438514,0.0003699131638174351,0.0,1.0
equities,0.975,ewma_n,4971,182,0.036612351639509155,9.09942985885794e-07,0.6019905560228191,5.07633845682948e-06,0.18096803739602363,0.0004997501249375312,0.7295206824065674,0.0004997501249375312,-3.3217278545729196,0.0009235376760274721,2.587639320048444,0.009663610791198323
equities,0.975,ewma_t,4971,177,0.0356065178032589,6.5554031600720465e-06,0.5000781814841095,3.083763624427337e-05,0.06345865787872551,0.0024987506246876563,0.5146423853915452,0.0004997501249375312,-3.3587739055425994,0.0009198741309874291,1.3762945618653226,0.16873045587014646
equities,0.975,fhs,4971,134,0.02695634681150674,0.3828793704308431,0.03930976188174913,0.08172187923310754,0.050123756126013275,0.0004997501249375312,0.13230000660539654,0.047476261869065464,-3.3855128563983277,0.0009067501253191803,0.36410779469525073,0.7157775164411382
equities,0.975,gauss_emp,4971,170,0.03419835043250855,8.227507450232298e-05,0.00026090019622587534,5.470673012294612e-07,0.12176949099559864,0.0004997501249375312,0.5345066463025678,0.0004997501249375312,-3.204309681214726,0.0010489475430555844,3.2880147079786948,0.0010089656820481965
equities,0.975,gauss_garch,4971,175,0.0352041842687588,1.389177342795389e-05,0.2653683963751326,4.266066562920344e-05,0.06951357223054955,0.0009995002498750624,0.5060541149897084,0.0004997501249375312,-3.3760406209609854,0.0009167234421697888,1.5626443132975454,0.11813627920755768
equities,0.975,hist,4971,167,0.0335948501307584,0.00022334485613584738,0.005325867343001815,2.266867066188324e-05,0.0833297893226177,0.0004997501249375312,0.45577207657917507,0.0004997501249375312,-3.2272345957806463,0.001044758126290016,3.679919080435826,0.0002333079760823474
equities,0.975,indep_emp,4971,433,0.08710521021927177,3.4784659732461254e-107,0.0011919431238137496,5.034337333160544e-108,0.32301584809140627,0.0004997501249375312,3.6096629428571996,0.0004997501249375312,-2.279980144260649,0.001341650590968826,5.435019113863755,5.47905588490684e-08
equities,0.975,indep_garch,4971,477,0.09595654797827399,2.24129490419802e-133,0.2472280688803416,3.5404663102412344e-132,0.2561605877434585,0.0004997501249375312,3.821473348248877,0.0004997501249375312,-2.44419418212099,0.0012698830148059614,8.942473040044252,3.8055667611569663e-19
equities,0.975,vine_emp,4971,134,0.02695634681150674,0.3828793704308431,0.004115213691061021,0.011144036463767956,0.0358524580498798,0.04297851074462768,0.11691192418977092,0.0944527736131934,-3.2571458873013484,0.0010347665751694651,3.248325341032097,0.0011608645361383375
equities,0.975,vine_garch,4971,166,0.03339368336350835,0.0003079790135825598,0.5379177084886386,0.0012305147218452418,0.06534334248887363,0.0009995002498750624,0.42302953009980193,0.0004997501249375312,-3.390755083765137,0.0009100017183243728,0.0,1.0
equities,0.99,ewma_n,4971,102,0.02051901025950513,6.695442212614093e-11,0.07994795720544867,1.2091067773818657e-10,0.21965589050348888,0.0004997501249375312,1.5026131730306935,0.0004997501249375312,-2.9462985065153076,0.0004840593001244896,3.397877928074016,0.0006791071545860998
equities,0.99,ewma_t,4971,84,0.016898008449004225,8.62497233492026e-06,0.069683444159707,9.710847192852211e-06,0.06816493831667159,0.009995002498750625,0.8049860152605173,0.0004997501249375312,-3.0868561191818724,0.00046745152564959484,1.517612263241877,0.12911217353387036
equities,0.99,fhs,4971,66,0.013277006638503319,0.02702521637130721,0.07026856764259172,0.016857368206092283,0.03265627820502326,0.0004997501249375312,0.37105842610202133,0.0014992503748125937,-3.1586082715989727,0.00044703416178195997,-0.4157302434680675,0.6776074080395611
equities,0.99,gauss_emp,4971,89,0.017903842285254476,4.642061711271892e-07,0.00018550733008597324,2.810834112534313e-09,0.13336706339876936,0.0004997501249375312,1.029162515439356,0.0004997501249375312,-2.9017833849787085,0.0005419420390031535,2.3980998911579894,0.01648037023160638
equities,0.99,gauss_garch,4971,95,0.019110842888754778,9.724665544980108e-09,0.04597182154071452,9.817710351997698e-09,0.02256700243184606,0.1664167916041979,0.9542117326699917,0.0004997501249375312,-3.1347096984715908,0.0004564157578004433,0.7040715330755021,0.48138822702795436
equities,0.99,hist,4971,79,0.015892174612753975,0.0001203709749419356,0.009651327268020808,2.160673889937831e-05,0.12340888847923326,0.0004997501249375312,0.7853410217231815,0.0004997501249375312,-2.9344443887016336,0.0005466135756039759,2.805899937494476,0.005017627112994586
equities,0.99,indep_emp,4971,289,0.05813719573526453,9.063736397973733e-122,2.827325827570729e-05,4.167623084112368e-124,0.29317204408281916,0.0004997501249375312,6.518139624621494,0.0004997501249375312,-1.1995673849784672,0.0008395918225184883,4.874282084873151,1.0920485491944465e-06
equities,0.99,indep_garch,4971,308,0.06195936431301549,5.1664828773751365e-137,0.48647813249672334,1.2683532398636898e-135,0.21643163442850177,0.0004997501249375312,6.536933079943235,0.0004997501249375312,-1.4861983770867369,0.0007958368683633876,8.52560240801083,1.5201657837564225e-17
equities,0.99,vine_emp,4971,51,0.010259505129752565,0.854713450331544,0.01628470751329118,0.05487493100760723,0.09475712762542976,0.0004997501249375312,0.123166636670627,0.18940529735132433,-3.0116087682589785,0.0005272300430211995,2.1299617602228738,0.03317477053587109
equities,0.99,vine_garch,4971,92,0.01850734258700463,7.047488327404604e-08,0.035469844026040157,5.3852335980323814e-08,0.01506983284664698,0.20539730134932535,0.8786245146226404,0.0004997501249375312,-3.1488898354767314,0.00045311248141131124,0.0,1.0
stocks_bonds,0.975,ewma_n,4971,172,0.03460068396700865,4.108327941045567e-05,0.008953164295441553,7.308956767341937e-06,0.16733231866688358,0.0004997501249375312,0.6156198657067293,0.0004997501249375312,-4.038382084134665,0.0004600089228999619,0.9805603288589512,0.32680960563607886
stocks_bonds,0.975,ewma_t,4971,167,0.0335948501307584,0.00022334485613584738,0.014415187002141833,5.516677313551957e-05,0.07818039440723434,0.0004997501249375312,0.44885235056131956,0.0004997501249375312,-4.063584403373976,0.0004586693330931775,0.17235734792139537,0.8631566017392938
stocks_bonds,0.975,fhs,4971,138,0.02776101388050694,0.22039625766794813,0.2907452107629428,0.2700958619016066,0.004705301905665316,0.06196901549225387,0.11566551328088259,0.05647176411794103,-4.0893286348981315,0.00044810136226511706,-1.2871199704963587,0.1980524757456288
stocks_bonds,0.975,gauss_emp,4971,140,0.02816334741500704,0.16131729433422762,5.31945137360634e-08,1.403279415870222e-07,0.09896174615582742,0.0004997501249375312,0.2380176581115725,0.004497751124437781,-3.867413697569572,0.0005408294901720745,3.1161091480184018,0.0018325443016456735
stocks_bonds,0.975,gauss_garch,4971,182,0.036612351639509155,9.09942985885794e-07,0.009396574473362162,1.9942139678683419e-07,0.0688301441812671,0.0009995002498750624,0.5652954032668713,0.0004997501249375312,-4.057588962812281,0.0004508820601470433,2.0352952419671495,0.041821174645333054
stocks_bonds,0.975,hist,4971,158,0.03178434922550795,0.0032594313225421338,4.959490719126692e-07,4.275089545455269e-08,0.12147215844412207,0.0004997501249375312,0.4258105092268849,0.0004997501249375312,-3.8508815715745097,0.0005393083642030197,2.667426754386708,0.00764345478382968
stocks_bonds,0.975,indep_emp,4971,101,0.02031784349225508,0.028933373507030364,7.141180281217549e-07,4.2375429245556637e-07,0.07696104416240801,0.0004997501249375312,-0.124738962298104,0.912543728135932,-3.864196819134068,0.0005545029225912866,4.128256485751639,3.655242643349703e-05
stocks_bonds,0.975,indep_garch,4971,124,0.024944679139006234,0.9800616353292962,0.6124871660445989,0.879328452874093,0.027981535704754146,0.04047976011994003,0.025706782759117974,0.33883058470764615,-4.080217157423958,0.00045004461461562383,-0.5317323783427972,0.5949113633263894
stocks_bonds,0.975,vine_emp,4971,143,0.028766847716757193,0.09653348341885665,1.0525293324229876e-07,1.8215801384520302e-07,0.10760321313192356,0.0004997501249375312,0.27449011851027905,0.0014992503748125937,-3.864106580417339,0.0005400849372267387,2.8516889550003897,0.004348763118311063
stocks_bonds,0.975,vine_garch,4971,179,0.036008851337759,3.0252264491913756e-06,0.01753124190291098,1.0986336851334984e-06,0.05427440181412013,0.004497751124437781,0.5185284081651766,0.0004997501249375312,-4.06842934609127,0.0004481718501451797,0.0,1.0
stocks_bonds,0.99,ewma_n,4971,100,0.020116676725005028,2.918386939629183e-10,0.004676614810287536,4.323129137845534e-11,0.1861952443974273,0.0004997501249375312,1.3862306264281359,0.0004997501249375312,-3.697778117624146,0.00023807335792689046,2.2276517869098167,0.0259037444121697
stocks_bonds,0.99,ewma_t,4971,84,0.016898008449004225,8.62497233492026e-06,0.00325777824364169,6.635784603434309e-07,0.07265573707262152,0.004497751124437781,0.8125745707925995,0.0004997501249375312,-3.8029265612362764,0.00023031169478878835,0.6228481633766607,0.533384304711249
stocks_bonds,0.99,fhs,4971,55,0.011064172198752767,0.4584543878654854,0.02530880866915962,0.062277903713587164,0.033185644273267645,0.0009995002498750624,0.1431343881518743,0.07446276861569215,-3.8764695028334897,0.00021535838722092798,-1.7403415428782738,0.0817990635302266
stocks_bonds,0.99,gauss_emp,4971,67,0.01347817340575337,0.01925720040178022,2.6650434721933673e-05,9.53570162368851e-06,0.14817889152984165,0.0004997501249375312,0.5475354200864881,0.0009995002498750624,-3.551633854417884,0.0002923841534151721,2.8973358528103454,0.0037634662468118496
stocks_bonds,0.99,gauss_garch,4971,86,0.017300341983504323,2.7715534337999686e-06,0.08130656207888942,3.7133783775217457e-06,0.06589750222456137,0.01249375312343828,0.8440391307847963,0.0004997501249375312,-3.814319806066074,0.00021728331983882562,1.6293750735178847,0.10323364226432072
stocks_bonds,0.99,hist,4971,81,0.016294508147254073,4.344217659112012e-05,5.395840482543125e-07,8.248574525510275e-10,0.16018700909920702,0.0004997501249375312,0.8904676672105349,0.0004997501249375312,-3.513188689608358,0.0002927334150417447,2.49568146855382,0.012571543404419707
stocks_bonds,0.99,indep_emp,4971,50,0.010058338362502514,0.9670573941222242,0.0014809831987663768,0.006397064007038297,0.10046136891545498,0.0004997501249375312,0.10688128034143429,0.22088955522238882,-3.589785689655756,0.0002941156654264315,3.2586264401416094,0.0011195297585147247
stocks_bonds,0.99,indep_garch,4971,49,0.009857171595252465,0.9191941488322816,0.09754360000726031,0.25213950859240125,0.07366724535539015,0.004497751124437781,0.05833222736700994,0.3168415792103948,-3.860303987232077,0.0002172092494561466,-0.8557024595917067,0.3921623794019734
stocks_bonds,0.99,vine_emp,4971,68,0.01367934017300342,0.013540584149137676,3.268961743541748e-05,8.496438891152753e-06,0.16141992746809564,0.0004997501249375312,0.5887458271541022,0.0009995002498750624,-3.550082019452879,0.0002882276030694879,2.523957490868966,0.011604195975473314
stocks_bonds,0.99,vine_garch,4971,83,0.016696841681754174,1.4956948104246417e-05,0.014892445530405913,4.39041940421645e-06,0.053278601485162724,0.021989005497251374,0.7586426055777189,0.0004997501249375312,-3.8331303566922186,0.00021532469458013568,0.0,1.0
